{
  "train_losses": [
    1.7653931048528062,
    1.480920349740233,
    1.3709433144299772,
    1.310490437515119,
    1.2624208789845413,
    1.2348200920676686,
    1.207082253632121,
    1.1909902479636107,
    1.1630277747571156,
    1.1558528926360045,
    1.134716135357063,
    1.1255582989198376,
    1.1054384057746507,
    1.0981538292625188,
    1.084400877902645,
    1.0784896985086472,
    1.069551323720922,
    1.0553234480126366,
    1.045914661197762,
    1.0356669561713154,
    1.0292786829446623,
    1.0234964028078848,
    1.0168325038168442,
    0.9983951218465236,
    1.0002686865042643,
    0.9911680093610474,
    0.9861797241016208,
    0.9749534373508074,
    0.9747948172204781,
    0.9668021654583396,
    0.9642260051210513,
    0.9592476512125026,
    0.9552656429288275,
    0.9494719705032428,
    0.9408466255789651,
    0.931529660811599,
    0.9262313387156781,
    0.9247795427656923,
    0.8804714787380857,
    0.8640821881163183,
    0.8562441569660346,
    0.8455601011583318,
    0.8436462986843748,
    0.8350130698755773,
    0.8292138432957115,
    0.8034116277832011,
    0.7978303454309233,
    0.7886246928057745,
    0.7883323157957087,
    0.7719310690595217
  ],
  "val_losses": [
    1.9238790746997385,
    1.3810615031158222,
    1.2873625229386723,
    1.2236396122504682,
    1.178799618692959,
    1.163381406051271,
    1.1186589331311338,
    1.1523843870005186,
    1.120652075856924,
    1.0859471296562868,
    1.0685808001195682,
    1.0638967112583273,
    1.0379495712764122,
    1.032787651700132,
    1.0424951696220566,
    1.050292497172075,
    1.016779750585556,
    1.0114103807684254,
    1.009661821538911,
    1.0007092181374044,
    1.0126547760823195,
    1.0004960736807655,
    1.0050984134568888,
    1.010705773883006,
    0.9966753039728192,
    0.9765551594250342,
    0.9832227898432928,
    0.9765615410664502,
    0.9686238669297275,
    0.9825699912274585,
    0.9636045023798943,
    0.9669375415234005,
    0.9603154972633895,
    0.9574675665182226,
    0.9778497574083945,
    0.9610783679082113,
    0.9903990499237004,
    0.9733908715493539,
    0.9470699650838095,
    0.960174523293972,
    0.9400286882677499,
    0.9456478182007285,
    0.95235660124351,
    0.9472451459835557,
    0.9724266656181392,
    0.9369694662883001,
    0.9330670176183476,
    0.938430961659726,
    0.9411980834077386,
    0.9442519236575154
  ],
  "train_accs": [
    27.48914201425879,
    42.55920675243792,
    46.722117512087195,
    49.704990576087845,
    51.79873801524215,
    53.08530689174793,
    54.34319429648447,
    55.01106285339671,
    55.92886995001229,
    56.34270261411128,
    56.96959763992461,
    57.57600590018848,
    58.014422682946815,
    58.68638859296894,
    59.48946980250758,
    59.38293862165041,
    59.7517004015406,
    60.513808079980336,
    60.55068425796935,
    60.96041956895845,
    61.52585429812341,
    61.587314594771776,
    61.78808489715644,
    62.525608456936816,
    62.472342866508235,
    62.75506023109072,
    62.92714906170614,
    63.496681143980986,
    63.8121773334426,
    63.9023191018602,
    63.90641645497009,
    64.05801852003606,
    64.28747029418996,
    64.51692206834385,
    64.66032942719004,
    65.23395886257478,
    65.17249856592642,
    65.63549946734409,
    66.85651069409161,
    67.8726542653446,
    67.7743177907072,
    68.35614193231173,
    68.2291239859051,
    69.02810784233385,
    69.41325903466361,
    70.24911906908137,
    70.51134966811439,
    71.0112267475211,
    70.45808407768581,
    71.21199704990576
  ],
  "val_accs": [
    26.539623518475484,
    47.455263769463166,
    50.87148501045782,
    53.125726237508715,
    54.473623053683475,
    55.19405066232861,
    57.169416686033,
    55.496165465953986,
    58.23843829886126,
    59.00534510806414,
    59.35393911224727,
    59.00534510806414,
    60.67859632814316,
    61.42226353706716,
    60.91099233093191,
    59.702533116430395,
    61.329305135951664,
    61.86381594236579,
    62.09621194515454,
    62.514524750174296,
    61.88705554264467,
    61.81733674180804,
    61.770857541250294,
    62.42156634905879,
    62.53776435045317,
    62.9793167557518,
    62.956077155472926,
    62.9793167557518,
    63.35115036021381,
    62.65396235184755,
    63.79270276551243,
    63.0722751568673,
    63.95537996746456,
    63.51382756216593,
    63.76946316523356,
    64.32721357192656,
    63.63002556356031,
    64.48989077387868,
    64.97792237973506,
    64.8617243783407,
    65.44271438531257,
    64.90820357889844,
    64.46665117359981,
    64.37369277248432,
    64.65256797583082,
    64.93144317917732,
    65.18707878224494,
    65.62863118754358,
    65.74482918893796,
    65.7913083894957
  ],
  "best_val_acc": 65.7913083894957
}