{
  "overall_accuracy": 65.9375870716077,
  "per_class_metrics": {
    "Angry": {
      "precision": 0.5711538461538461,
      "recall": 0.6200417536534447,
      "f1-score": 0.5945945945945946,
      "support": 958.0
    },
    "Disgust": {
      "precision": 0.7123287671232876,
      "recall": 0.46846846846846846,
      "f1-score": 0.5652173913043478,
      "support": 111.0
    },
    "Fear": {
      "precision": 0.5165714285714286,
      "recall": 0.44140625,
      "f1-score": 0.47604002106371773,
      "support": 1024.0
    },
    "Happy": {
      "precision": 0.8734463276836159,
      "recall": 0.8714768883878241,
      "f1-score": 0.8724604966139955,
      "support": 1774.0
    },
    "Neutral": {
      "precision": 0.5445368171021377,
      "recall": 0.7437145174371452,
      "f1-score": 0.6287281453548166,
      "support": 1233.0
    },
    "Sad": {
      "precision": 0.5805038335158818,
      "recall": 0.42502004811547717,
      "f1-score": 0.49074074074074076,
      "support": 1247.0
    },
    "Surprise": {
      "precision": 0.7800729040097205,
      "recall": 0.7725631768953068,
      "f1-score": 0.7762998790810157,
      "support": 831.0
    }
  },
  "macro_avg": {
    "precision": 0.6540877034514169,
    "recall": 0.6203844432796667,
    "f1-score": 0.6291544669647469,
    "support": 7178.0
  }
}