{
  "overall_accuracy": 65.68682084146002,
  "per_class_metrics": {
    "Angry": {
      "precision": 0.6239907727797002,
      "recall": 0.5647181628392485,
      "f1-score": 0.5928767123287672,
      "support": 958.0
    },
    "Disgust": {
      "precision": 0.7058823529411765,
      "recall": 0.43243243243243246,
      "f1-score": 0.5363128491620112,
      "support": 111.0
    },
    "Fear": {
      "precision": 0.5241830065359477,
      "recall": 0.3916015625,
      "f1-score": 0.44829513694801565,
      "support": 1024.0
    },
    "Happy": {
      "precision": 0.8149100257069408,
      "recall": 0.8934611048478016,
      "f1-score": 0.8523796719548266,
      "support": 1774.0
    },
    "Neutral": {
      "precision": 0.5969275786393563,
      "recall": 0.6618004866180048,
      "f1-score": 0.6276923076923077,
      "support": 1233.0
    },
    "Sad": {
      "precision": 0.5248062015503876,
      "recall": 0.5429029671210907,
      "f1-score": 0.5337012219156484,
      "support": 1247.0
    },
    "Surprise": {
      "precision": 0.7385844748858448,
      "recall": 0.7785800240673887,
      "f1-score": 0.7580550673696543,
      "support": 831.0
    }
  },
  "macro_avg": {
    "precision": 0.6470406304341935,
    "recall": 0.6093566772037095,
    "f1-score": 0.6213304239101758,
    "support": 7178.0
  }
}