{
  "train_losses": [
    1.8811868257547548,
    1.807001024016535,
    1.7175486637035589,
    1.5917345404000807,
    1.5297325568673499,
    1.4862332840240438,
    1.4617927736012724,
    1.442174377241684,
    1.4153182640749746,
    1.4016764778741366,
    1.3625771559345785,
    1.3434797439587678,
    1.331674074627342,
    1.3085232534645739,
    1.2803584363760125,
    1.2520862589955954,
    1.2378559778810172,
    1.2196677275665144,
    1.190195126527267,
    1.1686475233257754,
    1.156458913031673,
    1.1343186241794008,
    1.1047234920619047,
    1.0966218421284442,
    1.0756212360571817,
    1.0576957578122304,
    1.0502062681769826,
    1.0340955541396015,
    1.016396887483397,
    1.0153243892792008,
    0.9979290556533175,
    0.986557016822056,
    0.9806465408252796,
    0.9756462861106033,
    0.9635257126461149,
    0.9611121344316692,
    0.9473465663912408,
    0.9313203030855868,
    0.9343624501952326,
    0.9213610698727412,
    0.8719579502550096,
    0.8554075854923089,
    0.8476889317572429,
    0.8304584489754981,
    0.8216992246854992,
    0.8194685475364405,
    0.8029863292946241,
    0.802441843283114,
    0.7888762176973033,
    0.7858839607675662
  ],
  "val_losses": [
    1.7904103854123283,
    1.7937173860914566,
    1.544530006892541,
    1.4542977625832838,
    1.4241749679341036,
    1.4317790048525614,
    1.3232763444676119,
    1.3073212679694681,
    1.294260761317085,
    1.2581626413499607,
    1.216280969188494,
    1.2094190782483887,
    1.1946582395364256,
    1.1741293844054728,
    1.1460021927076227,
    1.2368008846088367,
    1.1275906483916676,
    1.1145620784338783,
    1.0855108332984589,
    1.080751178895726,
    1.060649986652767,
    1.059078589958303,
    1.0346752405166626,
    1.015392636989846,
    1.0484493935809416,
    1.0639723556883194,
    1.0297743432662065,
    0.9896678293452543,
    0.9873427476953057,
    1.0071041066856945,
    0.9771888992365669,
    1.0182536047171145,
    0.9963757290559656,
    0.9773407983867561,
    0.9703489780864295,
    0.9606858873192001,
    0.9920681456432623,
    1.0170774860855412,
    0.9931426699108937,
    0.964694082736969,
    0.9507220992270637,
    0.9535860077423208,
    0.9498083486276514,
    0.9449243094114697,
    0.9504527769544545,
    0.9435142256757793,
    0.9583237307036624,
    0.952658810378874,
    0.9482029062860152,
    0.9910022798268234
  ],
  "train_accs": [
    23.908055396214046,
    24.850446611488977,
    29.095304433336064,
    36.04851266082111,
    38.465950995656804,
    40.658034909448496,
    41.53077112185528,
    42.45677292469065,
    44.04654593132836,
    45.222486273867084,
    47.23018929771368,
    47.77923461443907,
    48.463492583790874,
    49.58616733590101,
    50.839957387527654,
    52.31500450708842,
    53.310661312791936,
    54.273539293616324,
    55.662541997869376,
    56.19519790215521,
    56.89174793083668,
    57.86282061788085,
    58.60853888388101,
    58.99369007621077,
    59.85823158239777,
    60.5752683766287,
    60.83340162255183,
    61.36196017372777,
    62.062607555519136,
    61.81676636892568,
    62.48463492583791,
    63.23035319183807,
    63.89002704253053,
    63.98836351716791,
    64.21781529132181,
    64.0785052855855,
    64.7258870769483,
    65.33229533721216,
    65.04957797262968,
    65.75432270753093,
    67.74563631893797,
    68.08571662705891,
    68.43399164139966,
    69.17151520118004,
    69.23707285093829,
    69.52798492174055,
    70.26141112841104,
    70.21224289109236,
    70.5564205523232,
    70.75719085470786
  ],
  "val_accs": [
    25.540320706483847,
    25.284685103416223,
    40.36718568440623,
    44.24819893097839,
    44.99186613990239,
    46.06088775273065,
    49.430629793167554,
    50.33697420404369,
    50.08133860097606,
    52.91656983499884,
    53.72995584475947,
    54.334185452010225,
    53.19544503834534,
    54.473623053683475,
    56.797583081571,
    55.077852660934234,
    57.82012549384151,
    57.86660469439926,
    59.63281431559377,
    60.144085521729025,
    60.21380432256565,
    59.6095747153149,
    60.23704392284453,
    61.95677434348129,
    60.70183592842203,
    59.65605391587265,
    60.84127353009528,
    63.04903555658843,
    63.23495235881943,
    62.189170346270046,
    63.42086916105043,
    62.677201952126424,
    62.58424355101092,
    63.81594236579131,
    64.18777597025331,
    63.93214036718568,
    62.21240994654892,
    63.42086916105043,
    62.58424355101092,
    63.862421566349056,
    64.90820357889844,
    64.53636997443644,
    65.39623518475483,
    65.72158958865907,
    65.67511038810133,
    65.34975598419707,
    65.44271438531257,
    65.46595398559145,
    66.37229839646758,
    65.74482918893796
  ],
  "best_val_acc": 66.37229839646758
}